{"1": [0, -1], "2": [0, -1], "3": [0, -1], "4": [1744001804.7951555, 1], "5": [1744001829.4114163, 1], "6": [0, -1], "7": [0, -1], "8": [0, -1], "9": [0, -1], "10": [0, -1]}