{"1": [1743799649.3324594, 10], "2": [1743804003.9679787, 10], "3": [1743804183.8745694, 10], "4": [1743804799.5157506, 8], "5": [1743805084.0507095, 8], "6": [1743805263.7389235, 9], "7": [1743805444.4562464, 9], "8": [1743805623.7155247, 9], "9": [1743805803.9161923, 9], "10": [1743803644.1253958, 7]}